shipment_id,origin_lat,origin_lng,destination_lat,destination_lng,origin_city,destination_city,weight,volume,pickup_time,delivery_deadline,priority,cargo_type,special_requirements
df14b000-51fd-4465-aa60-02f3ee8323a5,11.099057,76.883752,18.659967,73.82253,Coimbatore,Pune,7670.0,33.2,2026-03-12 05:00:00,2026-03-14 15:00:00,2,automotive_parts,
0232fe87-1412-4c8c-af6e-be13c8e43ddf,9.862562,76.341954,23.029473,72.661988,Kochi,Ahmedabad,6426.0,39.1,2026-03-10 21:00:00,2026-03-15 08:00:00,5,pharmaceuticals,
4512f378-dcf2-4fc8-b1e1-4bc8a0213cce,21.133505,79.175257,17.556698,83.153109,Nagpur,Visakhapatnam,3973.0,18.9,2026-03-11 05:00:00,2026-03-14 07:00:00,3,automotive_parts,
ea62010a-4402-4f89-b594-bf469f96e762,23.15341,77.510624,22.666985,88.547732,Bhopal,Kolkata,9672.0,19.2,2026-03-11 00:00:00,2026-03-13 16:00:00,1,fragile,handle_with_care
36070ee2-6ba5-43b9-ba6c-a49e6999d71a,20.200994,85.81077,22.441466,88.31269,Bhubaneswar,Kolkata,7521.0,15.4,2026-03-11 22:00:00,2026-03-13 14:00:00,3,chemicals,hazmat_certified_driver
f051c1f7-c745-4818-abcf-dbea8fc3903e,17.753133,83.319801,18.387791,74.018037,Visakhapatnam,Pune,151.0,7.2,2026-03-11 21:00:00,2026-03-12 22:00:00,3,pharmaceuticals,
da5a0264-f8aa-4ffa-9de6-afaca191a6bb,20.994967,79.205276,22.478649,88.348744,Nagpur,Kolkata,8000.0,19.0,2026-03-11 00:00:00,2026-03-14 19:00:00,4,chemicals,hazmat_certified_driver
107d16ab-8c03-49ef-9040-fb2289aba9ad,21.090353,72.856041,26.930055,80.957232,Surat,Lucknow,2196.0,38.3,2026-03-11 15:00:00,2026-03-13 03:00:00,2,chemicals,hazmat_certified_driver
60cbf7d8-3cbf-4e3d-aa18-b350599ff7bf,28.848576,77.17564,20.25176,85.917249,Delhi,Bhubaneswar,764.0,6.1,2026-03-12 00:00:00,2026-03-13 01:00:00,4,automotive_parts,
de35a8c1-81e1-49ae-b2b4-9d7448993ea3,20.456983,85.699153,12.967294,77.705143,Bhubaneswar,Bangalore,7452.0,36.6,2026-03-10 18:00:00,2026-03-11 23:00:00,3,pharmaceuticals,
3ee27972-a853-4945-9353-c6c30a42302a,20.330473,85.847566,19.091959,72.80706,Bhubaneswar,Mumbai,832.0,28.8,2026-03-10 15:00:00,2026-03-11 16:00:00,3,pharmaceuticals,
c9709f17-5592-4bc5-b946-ad4eb5bdf2f9,20.324627,85.880039,23.008437,72.56082,Bhubaneswar,Ahmedabad,10032.0,36.4,2026-03-11 01:00:00,2026-03-15 10:00:00,2,machinery,
af52fbb7-4c85-48a4-b5e0-53717f8cdf44,26.27557,91.774088,17.554828,83.108611,Guwahati,Visakhapatnam,4344.0,31.1,2026-03-11 03:00:00,2026-03-13 04:00:00,1,pharmaceuticals,
78df5c86-0fe4-4cb6-ad1c-43d7eee445eb,19.166851,72.846899,27.084058,75.671793,Mumbai,Jaipur,9689.0,19.7,2026-03-11 13:00:00,2026-03-15 04:00:00,1,general,
5c03dc09-10ec-4442-927e-e856edda7917,27.017215,81.12316,26.056456,91.829764,Lucknow,Guwahati,903.0,39.8,2026-03-10 22:00:00,2026-03-12 11:00:00,1,chemicals,hazmat_certified_driver
2b375554-2065-4d6c-85a6-e8b4450b4baf,27.00787,80.846205,21.04818,72.959608,Lucknow,Surat,2004.0,34.8,2026-03-11 11:00:00,2026-03-15 17:00:00,1,furniture,
9cb94af5-18ac-49a8-a01c-3cccc00414ba,23.2618,77.253849,18.577927,74.006202,Bhopal,Pune,6567.0,25.7,2026-03-11 01:00:00,2026-03-12 08:00:00,2,furniture,
f3083273-1542-4f73-9ee0-1340620fbd1f,26.119773,91.914145,13.15688,80.184109,Guwahati,Chennai,6220.0,9.3,2026-03-11 19:00:00,2026-03-13 09:00:00,3,electronics,
c2ab5a5b-2520-45b2-bc57-ed2558406ff8,23.286151,77.284259,11.068946,76.863029,Bhopal,Coimbatore,7138.0,20.5,2026-03-12 08:00:00,2026-03-15 17:00:00,1,food_perishable,refrigeration_required
969300fd-82fd-408b-92e9-35636705e77b,22.654096,75.866324,21.0758,72.939139,Indore,Surat,6919.0,13.2,2026-03-11 06:00:00,2026-03-13 08:00:00,3,machinery,
7f60dbc2-665f-4da6-9f74-8424ce239280,23.074784,72.396697,10.973766,77.01129,Ahmedabad,Coimbatore,7863.0,13.2,2026-03-11 00:00:00,2026-03-14 18:00:00,3,pharmaceuticals,
c63d9285-722e-4ce5-aa03-2f97b17305da,17.386881,78.472938,12.892767,77.501187,Hyderabad,Bangalore,11560.0,41.0,2026-03-11 17:00:00,2026-03-14 05:00:00,3,pharmaceuticals,
e76da141-a676-4d19-98dd-8ff39c781190,21.180974,79.039944,18.918911,72.962621,Nagpur,Mumbai,3953.0,44.9,2026-03-10 16:00:00,2026-03-11 22:00:00,5,fragile,handle_with_care
5656534c-a18e-4b1f-96aa-71098ed3e5cc,12.883046,77.70787,20.394963,85.890155,Bangalore,Bhubaneswar,2391.0,21.5,2026-03-11 17:00:00,2026-03-13 20:00:00,2,pharmaceuticals,
9bb429ea-40ac-4128-8bae-b72e802c7fcf,17.54274,83.130726,13.172677,80.375434,Visakhapatnam,Chennai,2890.0,13.6,2026-03-11 21:00:00,2026-03-13 00:00:00,4,fragile,handle_with_care
51394b88-e618-4d6a-951b-513d5047ec33,22.891205,75.794617,13.020931,80.345016,Indore,Chennai,3417.0,6.7,2026-03-11 19:00:00,2026-03-12 20:00:00,2,fragile,handle_with_care
5446f95a-4267-4280-a939-cacf858356a0,9.829581,76.413085,26.779781,75.75842,Kochi,Jaipur,8133.0,10.8,2026-03-11 18:00:00,2026-03-13 02:00:00,1,pharmaceuticals,
6dfd989f-7955-45bd-a7e4-821b9b7d7692,20.47047,85.836472,12.914651,80.143359,Bhubaneswar,Chennai,3565.0,40.0,2026-03-12 05:00:00,2026-03-14 10:00:00,3,furniture,
f8e3ecad-5caa-40ed-9344-4761770964ed,30.798577,76.688701,28.661889,77.265774,Chandigarh,Delhi,4429.0,7.5,2026-03-12 00:00:00,2026-03-14 08:00:00,3,machinery,
4a17aabe-f675-4d87-b0d0-3f3d35798640,30.624093,76.754088,26.849834,75.587948,Chandigarh,Jaipur,3452.0,29.8,2026-03-12 07:00:00,2026-03-13 13:00:00,1,electronics,
fb28e1cb-979d-4657-8bb9-11829c945b47,12.958105,77.487473,9.932031,76.358544,Bangalore,Kochi,7648.0,22.2,2026-03-10 22:00:00,2026-03-13 15:00:00,3,general,
e2547e41-fedd-41b7-8966-5330cd8e42fa,23.013139,72.471982,26.197998,91.661448,Ahmedabad,Guwahati,6475.0,24.5,2026-03-11 05:00:00,2026-03-12 07:00:00,2,fragile,handle_with_care
bb9df4f8-7da1-4084-9f77-a696b90e4a27,17.330796,78.532365,28.794418,76.977512,Hyderabad,Delhi,11813.0,4.9,2026-03-11 02:00:00,2026-03-14 21:00:00,3,electronics,
3bed5060-ec39-4a8d-aa4d-9b0febfeba66,26.751591,75.666076,23.1277,77.35898,Jaipur,Bhopal,10880.0,6.1,2026-03-11 12:00:00,2026-03-14 12:00:00,4,chemicals,hazmat_certified_driver
bfab9d76-83a9-4ea4-9204-0ed345b42e8d,17.509124,83.284098,26.965393,80.954699,Visakhapatnam,Lucknow,10044.0,23.1,2026-03-12 05:00:00,2026-03-14 06:00:00,3,pharmaceuticals,
681a6831-da7d-4792-afb0-3b87564ef399,23.439531,77.41126,10.013089,76.422597,Bhopal,Kochi,9823.0,43.1,2026-03-12 04:00:00,2026-03-16 16:00:00,4,general,
f6b71362-b138-4168-9459-4b0fb3686a46,13.128898,80.283834,22.669596,75.790209,Chennai,Indore,10334.0,35.2,2026-03-11 14:00:00,2026-03-15 17:00:00,5,machinery,
e6131380-a194-4c14-8de3-d7ee70777995,26.993129,75.736868,17.737444,83.370468,Jaipur,Visakhapatnam,2049.0,7.2,2026-03-10 09:00:00,2026-03-12 18:00:00,1,chemicals,hazmat_certified_driver
b37a3c40-3a45-45bd-920d-511150a7a740,18.917604,72.814485,21.341765,72.729933,Mumbai,Surat,1947.0,37.6,2026-03-11 17:00:00,2026-03-14 18:00:00,1,textiles,
356c7615-df14-4573-87b2-97815bf528b2,21.154255,79.110879,12.830379,77.503175,Nagpur,Bangalore,5254.0,28.1,2026-03-10 08:00:00,2026-03-14 01:00:00,2,general,
56332573-2c7a-4d41-8df5-e9ab846598b3,28.79896,77.041815,18.537228,73.841662,Delhi,Pune,1829.0,15.5,2026-03-10 23:00:00,2026-03-13 03:00:00,3,electronics,
c20f9da6-3d15-4d08-ac04-6300ef08ca88,12.931443,80.353443,10.919233,77.050139,Chennai,Coimbatore,2851.0,37.4,2026-03-10 18:00:00,2026-03-12 20:00:00,5,automotive_parts,
1c950914-9444-4efd-abb2-0d21895ade38,26.241938,91.703124,12.981696,77.551684,Guwahati,Bangalore,8926.0,7.4,2026-03-11 01:00:00,2026-03-12 16:00:00,1,furniture,
7e1598ea-3495-4c1b-828d-cc45eb51e622,17.353485,78.6422,21.076319,72.80633,Hyderabad,Surat,5393.0,26.0,2026-03-12 03:00:00,2026-03-14 03:00:00,1,chemicals,hazmat_certified_driver
61e54473-defa-4c13-b2df-6ca68c5454bb,26.826547,75.644662,26.0067,91.803086,Jaipur,Guwahati,7009.0,6.1,2026-03-10 13:00:00,2026-03-12 20:00:00,1,textiles,
0ae27012-210c-43ab-9a2e-3520d677b6aa,17.725449,83.180299,13.16219,80.294484,Visakhapatnam,Chennai,11157.0,14.7,2026-03-11 10:00:00,2026-03-15 00:00:00,3,furniture,
8e7e93c9-12f9-4c9d-ade7-07af28885243,22.744176,88.408188,18.683146,73.823965,Kolkata,Pune,628.0,33.6,2026-03-11 16:00:00,2026-03-15 09:00:00,1,furniture,
8cde78fb-ebe0-42ca-b180-04e2ed6f6fd6,26.047388,91.763619,26.978118,75.761786,Guwahati,Jaipur,10903.0,4.3,2026-03-12 00:00:00,2026-03-14 20:00:00,3,general,
93999787-5923-4004-8b47-c10bead51d54,21.328492,73.009946,21.038032,79.079129,Surat,Nagpur,6216.0,4.2,2026-03-10 21:00:00,2026-03-13 01:00:00,3,chemicals,hazmat_certified_driver
3cd80dcf-3058-4ff5-8e60-477f9446563c,30.661116,76.780384,23.202919,77.252166,Chandigarh,Bhopal,482.0,30.9,2026-03-10 20:00:00,2026-03-12 04:00:00,3,general,
d163ccde-d326-4974-b376-d6c21e0c58e4,18.370412,73.818172,23.168328,72.672087,Pune,Ahmedabad,7938.0,15.7,2026-03-11 04:00:00,2026-03-14 06:00:00,5,furniture,
70f79dae-2963-4a8f-a6f8-27f4428469a4,17.781571,83.199743,22.577844,88.464249,Visakhapatnam,Kolkata,8264.0,38.2,2026-03-10 10:00:00,2026-03-12 22:00:00,4,pharmaceuticals,
a3f38b94-28f7-487e-96a8-687bac4db05f,12.953031,80.162362,20.145053,85.93457,Chennai,Bhubaneswar,8727.0,25.3,2026-03-10 15:00:00,2026-03-11 20:00:00,5,electronics,
906cf3a3-9c86-4d76-951a-b49bb6f13ebd,20.281809,85.815695,9.755214,76.352748,Bhubaneswar,Kochi,1021.0,36.3,2026-03-11 06:00:00,2026-03-13 17:00:00,3,electronics,
4f06d136-60af-46bc-9810-8782213e0e23,17.621047,83.39083,21.037748,79.070551,Visakhapatnam,Nagpur,10368.0,30.5,2026-03-10 13:00:00,2026-03-13 12:00:00,4,textiles,
a13da9fd-a3b8-49d3-b0a7-1c8272cfec38,20.450495,85.835335,21.05452,78.959724,Bhubaneswar,Nagpur,8063.0,3.8,2026-03-11 06:00:00,2026-03-12 14:00:00,2,chemicals,hazmat_certified_driver
f715a2c1-fdbc-44b2-8ae5-1792dd16942c,19.249608,72.95294,26.912715,80.845132,Mumbai,Lucknow,11877.0,3.2,2026-03-11 05:00:00,2026-03-13 08:00:00,2,electronics,
b2062dd7-a8af-491e-af7c-cf6f57da74af,26.889633,81.095009,11.062729,76.775282,Lucknow,Coimbatore,5967.0,34.1,2026-03-10 22:00:00,2026-03-12 06:00:00,3,automotive_parts,
69c150b3-b17c-4cdc-a576-2ccd20611c70,18.472614,73.879013,30.566643,76.841328,Pune,Chandigarh,1060.0,14.5,2026-03-11 04:00:00,2026-03-14 06:00:00,4,textiles,
1603e885-75ab-4ac2-81c5-bb5d1f7e773b,26.240033,91.933699,27.027436,75.890606,Guwahati,Jaipur,10924.0,40.7,2026-03-12 05:00:00,2026-03-13 13:00:00,3,fragile,handle_with_care
0bade994-81fa-4d79-a15f-f89a537174c7,22.529527,88.239743,19.031513,72.73986,Kolkata,Mumbai,11194.0,44.5,2026-03-11 08:00:00,2026-03-13 07:00:00,1,fragile,handle_with_care
971003c6-1ae5-48f0-a076-343b954f7c82,22.441162,88.449498,21.163255,72.805868,Kolkata,Surat,3419.0,22.3,2026-03-11 06:00:00,2026-03-12 12:00:00,5,electronics,
978f3f3e-3946-43c0-a87f-b8572bbb1f49,28.710987,77.149004,22.574528,88.23962,Delhi,Kolkata,1262.0,5.6,2026-03-11 16:00:00,2026-03-13 03:00:00,3,textiles,
2c353653-a0e1-46c8-852c-6158d373ef3b,20.394854,85.941462,21.20844,72.984481,Bhubaneswar,Surat,1502.0,25.9,2026-03-12 08:00:00,2026-03-13 12:00:00,4,general,
a922e3a0-c0af-4e0c-b4ac-100635bcfdfe,12.814188,77.773778,28.559045,77.072387,Bangalore,Delhi,9660.0,26.0,2026-03-12 00:00:00,2026-03-13 10:00:00,3,textiles,
8a5de059-6c63-41df-bd66-f9ad85660e3b,10.07238,76.258583,28.691119,77.053848,Kochi,Delhi,2192.0,28.7,2026-03-11 17:00:00,2026-03-13 05:00:00,4,chemicals,hazmat_certified_driver
d3656671-53e0-4330-9d02-c5b74188af14,17.536969,78.315952,22.572685,88.285341,Hyderabad,Kolkata,8893.0,40.4,2026-03-12 06:00:00,2026-03-13 13:00:00,3,furniture,
5282163d-077e-4b8d-92e7-4f707de8078c,28.862824,77.262012,19.012639,72.736345,Delhi,Mumbai,3660.0,43.5,2026-03-10 21:00:00,2026-03-12 00:00:00,5,pharmaceuticals,
dfdecaf5-9427-4269-b482-d9cbe0eaeded,20.212752,85.989592,22.700209,75.998941,Bhubaneswar,Indore,9053.0,0.7,2026-03-10 22:00:00,2026-03-15 07:00:00,2,electronics,
58af666e-f89e-4129-8f17-e642538172a0,28.824643,77.07525,18.96106,72.850846,Delhi,Mumbai,9699.0,20.5,2026-03-11 15:00:00,2026-03-13 23:00:00,5,electronics,
bb519277-8b7e-4597-8f8d-9be2a1d278bf,20.330944,85.949396,26.176158,91.736044,Bhubaneswar,Guwahati,10513.0,41.1,2026-03-11 11:00:00,2026-03-12 22:00:00,2,electronics,
2a187a0a-9f3c-4409-acaf-cb5c863ec266,13.142652,77.615307,21.31617,79.219542,Bangalore,Nagpur,8711.0,40.8,2026-03-11 02:00:00,2026-03-15 11:00:00,5,fragile,handle_with_care
fde4648c-ce04-49ae-a68a-3be056118543,21.013576,72.947476,10.017773,76.262469,Surat,Kochi,771.0,2.2,2026-03-11 02:00:00,2026-03-13 22:00:00,3,chemicals,hazmat_certified_driver
0390c60a-603a-4708-9db9-32594b73a37b,20.288952,85.713709,20.989061,78.930526,Bhubaneswar,Nagpur,1329.0,36.8,2026-03-11 06:00:00,2026-03-13 15:00:00,5,automotive_parts,
2e67a0af-c4f5-4c00-8998-e0ffe1210968,13.069817,77.420667,17.223674,78.521015,Bangalore,Hyderabad,5776.0,40.2,2026-03-11 01:00:00,2026-03-12 12:00:00,3,chemicals,hazmat_certified_driver
9333e89b-fc86-4e82-9686-c6e1f8d12c6e,30.722607,76.871589,23.211541,77.397474,Chandigarh,Bhopal,9451.0,2.7,2026-03-11 10:00:00,2026-03-12 17:00:00,4,textiles,
0835ce20-db93-4969-92cb-384bb0269333,17.567943,83.284418,18.960825,73.028385,Visakhapatnam,Mumbai,2868.0,40.6,2026-03-10 20:00:00,2026-03-12 01:00:00,3,electronics,
0934e8c1-1102-4de0-866a-8a8d00d773d0,19.05525,72.697531,17.225582,78.435962,Mumbai,Hyderabad,5873.0,18.8,2026-03-11 00:00:00,2026-03-13 20:00:00,5,automotive_parts,
eab8d7ce-8891-4f69-a1c9-8ce2ab656b7b,19.113297,73.027894,18.448539,73.768522,Mumbai,Pune,7438.0,31.2,2026-03-11 07:00:00,2026-03-15 01:00:00,4,chemicals,hazmat_certified_driver
41c3bad8-8741-4725-997a-37507d60384f,26.972455,75.617027,22.532266,88.531923,Jaipur,Kolkata,11245.0,20.9,2026-03-11 17:00:00,2026-03-13 02:00:00,1,textiles,
7e5e4e24-5a73-42f3-96e1-882de13df28f,22.863541,75.811703,20.462063,85.686942,Indore,Bhubaneswar,9694.0,15.3,2026-03-11 03:00:00,2026-03-12 06:00:00,5,machinery,
a28b5465-3153-47b3-b18b-b169f7e3a005,30.856872,76.752501,26.958298,81.142608,Chandigarh,Lucknow,5466.0,30.1,2026-03-11 11:00:00,2026-03-14 12:00:00,5,chemicals,hazmat_certified_driver
509d7f98-8c0c-442d-b4d5-0c26dc5d3420,12.979647,80.342245,17.824245,83.162763,Chennai,Visakhapatnam,9510.0,7.4,2026-03-12 02:00:00,2026-03-13 23:00:00,3,furniture,
9ae30494-21fd-4b9f-b421-6ee539e97f40,10.965587,76.909215,22.618332,88.445275,Coimbatore,Kolkata,2438.0,19.4,2026-03-11 13:00:00,2026-03-12 13:00:00,2,furniture,
4f800dc4-33cf-44b0-9364-13f94c83f3c5,17.704141,83.292666,9.892298,76.138994,Visakhapatnam,Kochi,6899.0,14.3,2026-03-10 23:00:00,2026-03-12 06:00:00,3,furniture,
6866fc68-d7d6-4518-aee4-7a2dc8f7adc9,21.051795,72.761542,26.96217,75.870016,Surat,Jaipur,417.0,27.6,2026-03-10 18:00:00,2026-03-15 05:00:00,1,fragile,handle_with_care
77270cdb-50b3-41a5-a40e-a29679480bcd,21.130561,79.2127,26.824598,81.10295,Nagpur,Lucknow,7205.0,2.3,2026-03-11 03:00:00,2026-03-13 06:00:00,3,chemicals,hazmat_certified_driver
6f17e339-4411-477d-a118-71e39956d045,20.327441,85.946677,13.041626,77.527217,Bhubaneswar,Bangalore,1215.0,19.5,2026-03-10 09:00:00,2026-03-11 17:00:00,3,textiles,
ac0e11a8-32dd-4a92-bbb4-733fcfaf94b5,21.028362,72.999384,28.61003,77.164099,Surat,Delhi,7588.0,28.7,2026-03-12 03:00:00,2026-03-14 23:00:00,1,food_perishable,refrigeration_required
70c8a973-11b0-49e5-8ba3-afb3a932fd06,13.008372,80.119664,28.543828,77.100838,Chennai,Delhi,10391.0,35.1,2026-03-11 14:00:00,2026-03-13 22:00:00,2,textiles,
e31f02e0-f81e-4966-9482-9453f6b9ab40,17.228767,78.411446,26.905824,81.007448,Hyderabad,Lucknow,3089.0,24.3,2026-03-12 08:00:00,2026-03-16 13:00:00,2,fragile,handle_with_care
98baa673-5ca4-4943-aa2a-6f9c628d6f51,23.073058,72.705211,12.830224,77.436963,Ahmedabad,Bangalore,7720.0,2.3,2026-03-11 14:00:00,2026-03-14 08:00:00,2,pharmaceuticals,
1d737784-b6b1-4fd4-8557-12b026e9b73b,17.729901,83.404479,26.937543,75.726109,Visakhapatnam,Jaipur,3748.0,28.2,2026-03-11 22:00:00,2026-03-13 06:00:00,4,pharmaceuticals,
9f355816-b82a-45a4-a00e-15c27cbf819f,30.806378,76.858931,10.882367,76.929427,Chandigarh,Coimbatore,5806.0,7.0,2026-03-11 14:00:00,2026-03-15 13:00:00,1,general,
009e364f-83bf-4bb6-a8cb-ad2f0d2fcda0,26.806186,75.631747,28.805391,77.070085,Jaipur,Delhi,259.0,6.0,2026-03-11 07:00:00,2026-03-14 09:00:00,2,electronics,
d2b587c7-9358-4373-b2f8-30ef32df6578,27.068684,75.645369,22.865656,75.881004,Jaipur,Indore,5294.0,36.8,2026-03-11 03:00:00,2026-03-13 03:00:00,1,electronics,
74c6858f-5b83-41b6-8b11-ad666164b155,13.233973,80.104477,27.02532,75.678178,Chennai,Jaipur,3862.0,3.6,2026-03-10 18:00:00,2026-03-12 00:00:00,2,machinery,
82017edb-9cbb-440e-8389-96a9894d93ed,22.73501,88.405311,9.823371,76.324525,Kolkata,Kochi,9387.0,3.8,2026-03-11 07:00:00,2026-03-13 23:00:00,3,fragile,handle_with_care
7d95de63-6d5e-4b4d-b33f-d2e5bce4d20d,17.836628,83.346034,12.99236,77.686624,Visakhapatnam,Bangalore,7012.0,9.1,2026-03-10 14:00:00,2026-03-11 20:00:00,4,textiles,
e24e1fa8-e9ba-422f-92e8-afec6ac0293c,21.109611,72.678208,22.686201,88.379798,Surat,Kolkata,10250.0,43.3,2026-03-11 05:00:00,2026-03-12 23:00:00,3,pharmaceuticals,
ceb99139-92b7-49f4-9414-feefb9764944,26.757444,80.757062,22.710563,88.36239,Lucknow,Kolkata,10535.0,20.4,2026-03-10 22:00:00,2026-03-12 01:00:00,3,electronics,
e66b5b99-36a2-4295-9327-74fd2893dd94,13.23189,80.094258,23.099295,72.438857,Chennai,Ahmedabad,7099.0,0.7,2026-03-10 14:00:00,2026-03-12 12:00:00,4,fragile,handle_with_care
314d67fe-c126-40f3-871d-fb209ecd3bbc,27.014556,75.790741,22.567109,75.91955,Jaipur,Indore,5304.0,40.5,2026-03-10 13:00:00,2026-03-13 08:00:00,1,textiles,
45177bff-7555-4d92-8077-ab6b0d01f24f,20.466883,85.934912,30.745162,76.617167,Bhubaneswar,Chandigarh,11669.0,38.4,2026-03-10 19:00:00,2026-03-14 16:00:00,2,machinery,
4546f096-7986-44da-ad11-482db3f1481a,18.931914,72.741031,20.389263,85.83701,Mumbai,Bhubaneswar,10820.0,43.4,2026-03-12 07:00:00,2026-03-13 14:00:00,5,textiles,
484ac8d2-b25c-4d93-a77e-fb284a123b37,22.873803,75.727169,19.029325,72.688514,Indore,Mumbai,1894.0,7.8,2026-03-11 23:00:00,2026-03-15 12:00:00,5,pharmaceuticals,
e0742d3f-0fd2-456c-a9a1-df31a756d016,23.14004,72.648733,17.208862,78.643481,Ahmedabad,Hyderabad,8974.0,4.0,2026-03-11 14:00:00,2026-03-14 00:00:00,3,chemicals,hazmat_certified_driver
721b1c71-f717-4f4c-a294-36f93a8b1e1e,22.834332,75.87249,20.434677,85.971467,Indore,Bhubaneswar,8988.0,17.3,2026-03-10 14:00:00,2026-03-12 22:00:00,1,furniture,
642450ce-c6ad-4c68-89c1-ed118c5bf328,21.290514,72.649753,26.211947,91.758997,Surat,Guwahati,8285.0,24.5,2026-03-11 12:00:00,2026-03-12 13:00:00,4,fragile,handle_with_care
68b78950-d3a7-4196-85da-518081ef3912,9.809019,76.183571,22.547448,88.278949,Kochi,Kolkata,10170.0,4.9,2026-03-11 06:00:00,2026-03-12 06:00:00,2,textiles,
8a2a9637-83ee-4cd0-a9bf-498238c9e4dc,25.967285,91.694257,30.782844,76.659686,Guwahati,Chandigarh,1637.0,44.3,2026-03-10 12:00:00,2026-03-11 18:00:00,3,textiles,
65726161-1448-485d-8b26-baa807524353,20.43141,85.916239,22.885129,72.656265,Bhubaneswar,Ahmedabad,415.0,28.4,2026-03-11 20:00:00,2026-03-13 07:00:00,1,furniture,
05596269-535a-43e8-98e8-79bc1a759240,21.139585,72.995887,13.186576,80.128741,Surat,Chennai,5613.0,8.4,2026-03-11 22:00:00,2026-03-14 07:00:00,3,machinery,
4534ead4-faaa-46c4-a15b-98fbfb8d6fb6,26.915276,80.929622,13.038403,80.123291,Lucknow,Chennai,10564.0,19.3,2026-03-12 03:00:00,2026-03-13 17:00:00,3,chemicals,hazmat_certified_driver
3d203906-95fa-498c-b5f1-819f0fcc6959,17.266065,78.440903,28.644784,76.985009,Hyderabad,Delhi,3670.0,3.9,2026-03-12 03:00:00,2026-03-13 06:00:00,4,fragile,handle_with_care
0f5b5ab7-2b2b-4a37-8ece-7e33bcd938f3,28.880825,77.064975,25.978277,91.721138,Delhi,Guwahati,2367.0,41.0,2026-03-10 13:00:00,2026-03-13 13:00:00,3,automotive_parts,
68837af5-7852-412f-a6e2-1e9ecee539f8,13.127731,77.425619,20.214486,85.801095,Bangalore,Bhubaneswar,5227.0,3.4,2026-03-10 20:00:00,2026-03-12 06:00:00,2,furniture,
a95be2e2-c3c4-4613-b132-170807ace34b,26.963773,80.953675,21.250778,72.876001,Lucknow,Surat,5173.0,41.6,2026-03-11 17:00:00,2026-03-14 20:00:00,1,textiles,
818520d9-49c7-4dbf-94be-9a09d4a870c5,11.006892,76.969439,30.623548,76.882047,Coimbatore,Chandigarh,7663.0,25.2,2026-03-12 08:00:00,2026-03-13 10:00:00,3,fragile,handle_with_care
abb04182-0d7b-4074-a8a1-20cc60f5a28f,19.175056,72.938429,26.201448,91.608622,Mumbai,Guwahati,5865.0,40.3,2026-03-11 02:00:00,2026-03-14 08:00:00,5,pharmaceuticals,
33906724-109d-4362-8225-c41665493116,28.643571,76.936413,17.393282,78.546428,Delhi,Hyderabad,151.0,25.8,2026-03-12 01:00:00,2026-03-15 09:00:00,3,pharmaceuticals,
09347548-a972-4cd0-a5cb-e61174f784ea,23.125344,77.220719,19.102652,72.804174,Bhopal,Mumbai,5860.0,34.9,2026-03-11 09:00:00,2026-03-12 16:00:00,2,fragile,handle_with_care
137744ee-d6b8-403e-b683-11a2058533a5,11.063685,76.810143,19.093097,72.890315,Coimbatore,Mumbai,6040.0,28.7,2026-03-11 23:00:00,2026-03-13 08:00:00,2,chemicals,hazmat_certified_driver
4446adc4-65be-43db-ae69-6edde83b51c8,18.949611,72.953459,12.908761,77.500215,Mumbai,Bangalore,11024.0,15.9,2026-03-11 16:00:00,2026-03-13 14:00:00,4,chemicals,hazmat_certified_driver
a6cd8fc5-b5a4-4d86-b15f-a4e42f89d950,13.206777,80.233721,21.1815,72.827478,Chennai,Surat,6582.0,13.3,2026-03-10 21:00:00,2026-03-12 06:00:00,3,pharmaceuticals,
1e86caeb-06dd-4803-9cf7-39a868265645,30.700264,76.801033,26.926651,75.751963,Chandigarh,Jaipur,9652.0,41.1,2026-03-11 00:00:00,2026-03-12 11:00:00,2,general,
4bcc2361-6e97-4e6f-8eb3-032d6aa92245,17.523694,78.456899,9.958005,76.407913,Hyderabad,Kochi,1573.0,26.0,2026-03-10 11:00:00,2026-03-11 19:00:00,2,general,
8d9aac6a-b20e-4568-a68d-9f72a37de564,20.992969,79.189899,22.415162,88.388634,Nagpur,Kolkata,3102.0,6.9,2026-03-11 09:00:00,2026-03-12 19:00:00,2,machinery,
0c1f3204-67f2-4789-a724-cb684e7a0115,11.067838,77.048936,26.157948,91.849986,Coimbatore,Guwahati,11797.0,4.2,2026-03-11 13:00:00,2026-03-13 04:00:00,3,textiles,
535f8313-e870-4bd0-bc2a-7a1d47ba6fd4,26.850541,80.818269,10.945232,76.990841,Lucknow,Coimbatore,7921.0,40.8,2026-03-11 21:00:00,2026-03-16 18:00:00,1,food_perishable,refrigeration_required
04f94c25-5883-47a1-8e91-944a01070ff0,22.633263,88.422724,28.800788,77.120471,Kolkata,Delhi,11192.0,31.4,2026-03-11 17:00:00,2026-03-14 09:00:00,2,food_perishable,refrigeration_required
f408a780-e6c2-4a62-b089-ebccb76f1762,23.0996,72.747395,12.986258,77.550133,Ahmedabad,Bangalore,7257.0,20.4,2026-03-11 00:00:00,2026-03-13 19:00:00,3,machinery,
e4225b60-5891-4471-a642-ba36573121ce,18.961796,73.023269,18.543164,73.96235,Mumbai,Pune,6982.0,1.5,2026-03-11 23:00:00,2026-03-15 14:00:00,3,automotive_parts,
1c22c69d-42de-4295-8d93-eb22db1c7091,10.982965,77.13791,28.761443,77.272353,Coimbatore,Delhi,8699.0,37.6,2026-03-11 11:00:00,2026-03-15 17:00:00,4,fragile,handle_with_care
779cc447-918b-40aa-bbf5-de60d86739d8,17.80536,83.353963,30.785863,76.70596,Visakhapatnam,Chandigarh,910.0,37.4,2026-03-11 12:00:00,2026-03-12 20:00:00,4,food_perishable,refrigeration_required
1c48ab88-83e3-443b-8bc8-de50eeaab5b1,22.72492,88.513894,20.990968,79.175887,Kolkata,Nagpur,11764.0,9.7,2026-03-10 15:00:00,2026-03-13 18:00:00,1,chemicals,hazmat_certified_driver
3c506d7e-a90c-4130-b10d-35e12713c85d,30.695054,76.955182,26.829983,80.907319,Chandigarh,Lucknow,4283.0,41.0,2026-03-10 19:00:00,2026-03-13 19:00:00,2,general,
141115fc-ffad-4481-bcb7-c1b7556ef1c6,20.275567,85.828527,22.902443,72.521642,Bhubaneswar,Ahmedabad,155.0,2.9,2026-03-11 23:00:00,2026-03-14 13:00:00,2,electronics,
2c70d010-a77c-4bb2-a5d8-6cabf7119c89,28.875496,77.097436,11.049369,76.910961,Delhi,Coimbatore,3167.0,8.1,2026-03-11 23:00:00,2026-03-16 00:00:00,1,automotive_parts,
3162fcd8-489e-4d36-ae39-8238cf4a0805,9.965701,76.33036,17.564074,83.357143,Kochi,Visakhapatnam,7852.0,30.4,2026-03-10 12:00:00,2026-03-12 05:00:00,3,chemicals,hazmat_certified_driver
b24b0698-202d-4a19-a383-306a81297440,18.932556,72.80409,18.510521,74.043438,Mumbai,Pune,8833.0,11.9,2026-03-11 06:00:00,2026-03-12 19:00:00,2,automotive_parts,
31f13ac6-cdc4-4184-81ef-4b0fe3f6faa5,17.503561,78.45586,9.787285,76.301654,Hyderabad,Kochi,6557.0,22.5,2026-03-10 23:00:00,2026-03-12 01:00:00,1,food_perishable,refrigeration_required
307221fb-8e8d-4745-ae62-bf3cc284c063,20.339891,85.82328,17.725583,83.406384,Bhubaneswar,Visakhapatnam,2719.0,17.7,2026-03-10 12:00:00,2026-03-11 22:00:00,5,automotive_parts,
f6175b69-f6c3-4ff9-8bb1-bf3a04277b46,27.069532,75.894575,30.705986,76.911156,Jaipur,Chandigarh,6796.0,40.1,2026-03-11 07:00:00,2026-03-16 02:00:00,3,fragile,handle_with_care
7d153473-6924-41ab-9a51-d639b20174e5,12.850384,77.671449,9.938714,76.305958,Bangalore,Kochi,180.0,9.8,2026-03-11 13:00:00,2026-03-12 17:00:00,2,fragile,handle_with_care
a7460972-369c-4fcd-a774-ab41a4e54349,30.856865,76.857274,9.884405,76.186359,Chandigarh,Kochi,2586.0,42.5,2026-03-10 12:00:00,2026-03-11 14:00:00,5,fragile,handle_with_care
9241d8a8-2353-4f62-ae41-f77da906802c,26.769326,81.058493,10.923465,77.044385,Lucknow,Coimbatore,2948.0,2.1,2026-03-12 08:00:00,2026-03-15 00:00:00,5,electronics,
fe680eec-4d2e-4d5f-9e33-d95c18aa554b,17.380961,78.65728,21.110004,79.219586,Hyderabad,Nagpur,11038.0,37.8,2026-03-10 19:00:00,2026-03-14 14:00:00,2,textiles,
29c773bf-9ea7-4d2e-95af-65e254d37b53,10.961722,76.859866,22.480142,88.348803,Coimbatore,Kolkata,10086.0,20.7,2026-03-12 08:00:00,2026-03-13 17:00:00,3,textiles,
136eb9dd-da8c-4ef5-962a-bee83b74d18e,12.950631,77.652742,10.962114,76.961934,Bangalore,Coimbatore,9850.0,18.0,2026-03-10 11:00:00,2026-03-12 20:00:00,4,chemicals,hazmat_certified_driver
f9d75556-caa4-45c8-9606-e7cc49a36779,18.633805,73.787164,17.820605,83.40496,Pune,Visakhapatnam,4784.0,30.6,2026-03-10 19:00:00,2026-03-14 07:00:00,3,fragile,handle_with_care
b2214093-2d5d-46a0-89a7-a2f780004157,10.907266,76.818193,18.526516,73.69733,Coimbatore,Pune,7273.0,37.1,2026-03-11 07:00:00,2026-03-12 12:00:00,3,general,
ce99815e-06aa-4cff-8837-755af2c12295,13.141747,80.36915,22.47894,88.256839,Chennai,Kolkata,1126.0,26.9,2026-03-10 22:00:00,2026-03-12 11:00:00,3,machinery,
a6597129-20a6-4d99-9699-e03dcbe60553,30.645645,76.961705,18.678975,73.992302,Chandigarh,Pune,3333.0,37.7,2026-03-11 08:00:00,2026-03-13 02:00:00,4,textiles,
630001ae-bef0-4984-9c4b-9384c82fc824,22.697879,88.447853,19.11058,73.006856,Kolkata,Mumbai,306.0,43.3,2026-03-10 08:00:00,2026-03-11 23:00:00,1,pharmaceuticals,
239af93a-a9a8-4013-9ad0-01e9c807d0d2,22.927619,72.509052,22.612064,75.699419,Ahmedabad,Indore,11893.0,19.6,2026-03-11 18:00:00,2026-03-14 15:00:00,5,chemicals,hazmat_certified_driver
dc7143ed-ee2b-4c93-83f5-e92723f03e4c,23.225639,77.250022,17.741019,83.406727,Bhopal,Visakhapatnam,7473.0,38.7,2026-03-10 10:00:00,2026-03-12 18:00:00,5,textiles,
d963c647-1423-48f3-8a91-9ec122c776b6,10.019082,76.44258,17.282933,78.65707,Kochi,Hyderabad,4284.0,8.5,2026-03-11 18:00:00,2026-03-12 20:00:00,2,pharmaceuticals,
f2b8add7-b6cd-44a9-bf5f-68ba0182bb74,17.819339,83.298114,21.186643,79.124361,Visakhapatnam,Nagpur,6114.0,5.6,2026-03-10 21:00:00,2026-03-13 08:00:00,1,electronics,
dba879b2-607b-4148-a32d-54ff9025663d,19.195259,72.993673,22.770595,75.670916,Mumbai,Indore,10684.0,37.7,2026-03-11 04:00:00,2026-03-14 10:00:00,1,textiles,
a44e258e-c5af-48d5-8fb2-201c9dedffea,13.25109,80.21518,27.050901,75.623286,Chennai,Jaipur,6562.0,20.0,2026-03-10 17:00:00,2026-03-15 01:00:00,2,pharmaceuticals,
c4edb258-e99c-4c8e-bd52-6556b71b9935,12.963381,80.387838,17.447979,78.412117,Chennai,Hyderabad,6608.0,21.2,2026-03-11 20:00:00,2026-03-14 01:00:00,4,general,
ee2ad188-e3b2-4e15-bfe2-e988112805ee,21.271547,79.269301,17.724061,83.063666,Nagpur,Visakhapatnam,3117.0,39.4,2026-03-12 01:00:00,2026-03-16 07:00:00,5,electronics,
4377393c-363a-4c2a-9c94-cd0795b7b96a,18.690352,73.91528,22.732742,75.719863,Pune,Indore,7487.0,30.7,2026-03-10 23:00:00,2026-03-12 00:00:00,4,furniture,
aa2d4122-05b8-4f4a-b302-d5d55c56ed47,30.823548,76.844045,26.945932,81.093811,Chandigarh,Lucknow,5962.0,35.1,2026-03-10 10:00:00,2026-03-11 18:00:00,3,food_perishable,refrigeration_required
dceccfa8-4fda-4e02-8b61-54bb2038f083,28.573332,77.295538,17.54339,83.348666,Delhi,Visakhapatnam,9650.0,23.9,2026-03-12 02:00:00,2026-03-13 18:00:00,4,chemicals,hazmat_certified_driver
4852172d-47f2-4616-b294-e74743696a2c,20.985912,79.249271,12.79594,77.602658,Nagpur,Bangalore,8042.0,41.7,2026-03-12 03:00:00,2026-03-13 07:00:00,2,pharmaceuticals,
57bfcdae-9862-4f8e-b453-6b3577ae364f,27.040511,75.727561,21.179081,72.884188,Jaipur,Surat,9828.0,14.4,2026-03-11 01:00:00,2026-03-13 11:00:00,3,chemicals,hazmat_certified_driver
7f93457a-1eec-46ac-8982-b4cad3550642,9.856928,76.437803,30.875718,76.667119,Kochi,Chandigarh,1757.0,5.0,2026-03-11 02:00:00,2026-03-13 07:00:00,3,automotive_parts,
3a24fcbe-c880-4aa2-b1ec-bedc9f641585,22.407761,88.417106,27.074905,75.679503,Kolkata,Jaipur,2753.0,13.6,2026-03-10 15:00:00,2026-03-11 23:00:00,1,furniture,
a61dea51-a442-4d7d-ac08-15c52c487b87,26.259155,91.730248,23.190506,77.26732,Guwahati,Bhopal,4670.0,8.4,2026-03-11 07:00:00,2026-03-13 05:00:00,2,electronics,
ed1d238e-2365-41bb-bca8-5193e087417a,28.753715,77.103326,13.026209,80.395466,Delhi,Chennai,8387.0,14.9,2026-03-11 21:00:00,2026-03-15 14:00:00,5,food_perishable,refrigeration_required
3edca486-4547-49df-82ad-5ee239d54cff,30.821923,76.633781,26.848046,80.807834,Chandigarh,Lucknow,10690.0,10.9,2026-03-10 16:00:00,2026-03-11 21:00:00,2,general,
6b867a4c-f675-4773-8c8f-e8a8a1674e60,21.273097,79.013312,28.822297,76.97841,Nagpur,Delhi,4344.0,15.0,2026-03-11 13:00:00,2026-03-12 13:00:00,5,pharmaceuticals,
de7b6108-1e04-4e7c-861a-4c29dc136973,30.614501,76.738882,22.551558,88.437558,Chandigarh,Kolkata,8936.0,23.7,2026-03-10 11:00:00,2026-03-11 21:00:00,2,automotive_parts,
36710402-c029-4f8c-9af5-a55dc1cc6ca7,13.134677,77.434704,18.554465,73.932416,Bangalore,Pune,1845.0,15.7,2026-03-11 15:00:00,2026-03-14 01:00:00,5,pharmaceuticals,
55589a93-d2a6-49fe-850e-889c66dae0a0,12.871098,77.446681,17.33027,78.662377,Bangalore,Hyderabad,10566.0,41.4,2026-03-11 05:00:00,2026-03-15 23:00:00,4,electronics,
f3e9b548-4673-4dfd-836f-b5f14d9237a9,20.157217,85.916771,19.246149,72.791415,Bhubaneswar,Mumbai,8244.0,5.8,2026-03-11 01:00:00,2026-03-12 10:00:00,3,fragile,handle_with_care
ce62af0f-5142-4fa9-82b6-ce332c36faaf,26.145252,91.756442,12.909234,80.26145,Guwahati,Chennai,7632.0,41.3,2026-03-10 19:00:00,2026-03-14 18:00:00,3,general,
a5edd029-81bc-4305-9c33-b1aeb364c5af,13.146409,80.443962,21.180347,78.920192,Chennai,Nagpur,7052.0,23.6,2026-03-11 13:00:00,2026-03-13 19:00:00,1,fragile,handle_with_care
ea7a71bf-9820-4a6c-952f-c7b7b672874d,19.174525,72.84504,22.860879,75.72167,Mumbai,Indore,135.0,7.7,2026-03-10 19:00:00,2026-03-12 07:00:00,3,textiles,
c5b0f9af-7324-4c9f-a791-b1dd68dd8401,17.332049,78.330834,21.030876,72.794329,Hyderabad,Surat,9331.0,15.1,2026-03-12 07:00:00,2026-03-13 15:00:00,2,furniture,
1f3e268e-76b8-43fe-bca3-2a27e57e89d0,22.69507,88.261568,23.029118,72.762551,Kolkata,Ahmedabad,5797.0,7.8,2026-03-10 09:00:00,2026-03-11 17:00:00,1,food_perishable,refrigeration_required
83a2a97c-8659-46c4-af40-3b21025c4bfb,21.063822,72.890423,13.016433,80.445345,Surat,Chennai,6570.0,5.5,2026-03-10 10:00:00,2026-03-11 17:00:00,3,food_perishable,refrigeration_required
a47437ae-09b5-443e-9080-d3f71146e57e,19.082719,72.746042,22.570439,88.540405,Mumbai,Kolkata,7684.0,7.2,2026-03-10 13:00:00,2026-03-11 20:00:00,3,electronics,
4fce5909-1fda-4ad2-a953-3c563060daab,28.64731,76.939649,18.6667,74.025132,Delhi,Pune,4177.0,45.0,2026-03-11 17:00:00,2026-03-12 17:00:00,2,pharmaceuticals,
ba02bd3e-7a17-43b0-b073-37e5cbf5866e,28.550199,76.914059,23.123719,72.627534,Delhi,Ahmedabad,9447.0,33.7,2026-03-11 00:00:00,2026-03-12 01:00:00,4,automotive_parts,
18585520-eed2-4a2e-8110-c130d2d2c596,18.668883,73.735226,22.853312,76.016848,Pune,Indore,9664.0,1.6,2026-03-11 10:00:00,2026-03-13 23:00:00,1,general,
2df1d48f-5ad9-4199-a47d-5188c3c31284,17.836016,83.041329,27.023966,75.590437,Visakhapatnam,Jaipur,10982.0,23.8,2026-03-11 18:00:00,2026-03-14 03:00:00,4,pharmaceuticals,
ab4a10f2-fcb4-4e46-8aaf-18c82c33b5b3,21.174059,79.13835,28.557714,77.162179,Nagpur,Delhi,4119.0,31.6,2026-03-12 01:00:00,2026-03-16 05:00:00,2,machinery,
9e4ee823-1768-46fa-b282-371b6979ea3d,10.918914,76.924108,26.231793,91.808861,Coimbatore,Guwahati,655.0,28.6,2026-03-11 00:00:00,2026-03-12 10:00:00,3,pharmaceuticals,
4da2263a-95af-4a00-828f-b1fc8b852aa8,18.454831,73.940804,30.861864,76.664921,Pune,Chandigarh,8695.0,36.4,2026-03-10 21:00:00,2026-03-15 14:00:00,4,fragile,handle_with_care
d715ce02-8d5a-417a-9359-efd83eb9021e,22.736013,75.966895,23.189506,77.246981,Indore,Bhopal,430.0,17.8,2026-03-12 06:00:00,2026-03-13 16:00:00,1,electronics,
b2be6dd0-29a8-4a82-ae00-6641ae70efde,9.788965,76.259756,22.673625,75.890682,Kochi,Indore,8106.0,37.8,2026-03-11 10:00:00,2026-03-15 14:00:00,4,pharmaceuticals,
b81593b7-2604-4c4f-afd6-2d292d889b9a,10.934519,76.857592,22.939536,72.529791,Coimbatore,Ahmedabad,11899.0,21.9,2026-03-11 01:00:00,2026-03-12 21:00:00,4,food_perishable,refrigeration_required
e8f1f39f-8a0e-41a2-9209-b0a618fd6c06,17.381197,78.404956,21.206022,79.071962,Hyderabad,Nagpur,1956.0,11.2,2026-03-11 02:00:00,2026-03-12 04:00:00,1,general,
468a176b-7133-4237-8fc2-898c1cb6ebee,20.99547,72.886062,10.057515,76.186682,Surat,Kochi,4754.0,2.7,2026-03-11 20:00:00,2026-03-15 23:00:00,2,fragile,handle_with_care
d60eedab-a28b-4de7-ad6f-6d58efc41b33,20.416685,85.976729,10.067424,76.34823,Bhubaneswar,Kochi,11359.0,6.3,2026-03-12 00:00:00,2026-03-16 10:00:00,4,general,
231629b1-b843-4f4a-bd1d-b99607cd74a4,23.1346,72.698898,10.977124,76.934392,Ahmedabad,Coimbatore,6044.0,34.3,2026-03-10 12:00:00,2026-03-15 16:00:00,3,pharmaceuticals,
083cda3e-25d4-443a-8536-385e89683b15,23.106684,77.3795,23.159024,72.641849,Bhopal,Ahmedabad,8383.0,36.4,2026-03-11 04:00:00,2026-03-12 17:00:00,4,pharmaceuticals,
